file,line,name,needs_more,ctx_expected,ctx_p_ge2,best_context,best_context_rel
scripts/lib/worker-bridge.mjs,138,passThroughOnException,0.95,2.95,1.0,sib_91,sibling
scripts/smoke/advisor-fallbacks.mjs,74,removeEventListener,0.92,2.86,0.96,sib_348,sibling
tests/map-feature.test.mjs,78,on,0.93,2.86,0.97,caller_1,caller
tests/cold-start-defects.test.mjs,273,render,0.93,2.85,0.97,caller_1,caller
scripts/smoke/advisor-fallbacks.mjs,206,removeEventListener,0.93,2.84,0.96,sib_348,sibling
scripts/smoke/advisor-fallbacks.mjs,139,removeEventListener,0.92,2.82,0.96,sib_348,sibling
scripts/verify-cumulative-flow.mjs,8,fetchWeather,0.94,2.82,0.97,none,none
tests/cold-start-defects.test.mjs,254,remove,0.94,2.8,0.95,caller_2,caller
scripts/smoke/advisor-fallbacks.mjs,261,json,0.92,2.79,0.96,sib_348,sibling
scripts/smoke/resilience.mjs,303,stats,0.9,2.79,0.9800000000000001,caller_0,caller
tests/cold-start-defects.test.mjs,274,remove,0.93,2.78,0.94,caller_2,caller
tests/polish-pass1.test.mjs,165,setView,0.93,2.77,0.95,caller_0,caller
scripts/smoke/advisor-i18n.mjs,32,addEventListener,0.92,2.76,0.94,caller_0,caller
tests/cum-cost-caption.test.mjs,30,$,0.89,2.75,0.94,caller_1,caller
scripts/smoke/advisor-fallbacks.mjs,205,addEventListener,0.93,2.74,0.9299999999999999,caller_3,caller
tests/polish-pass1.test.mjs,166,tileLayer,0.92,2.73,0.9400000000000001,caller_1,caller
tests/map-feature.test.mjs,87,addTo,0.93,2.72,0.9199999999999999,caller_3,caller
tests/weather-persistence.test.mjs,85,close,0.92,2.72,0.9500000000000001,caller_3,caller
tests/polish-pass1.test.mjs,165,remove,0.93,2.71,0.9299999999999999,caller_2,caller
scripts/smoke/lifecycle.js,7,runLifecycleFlow,0.92,2.71,0.97,callee_2,callee
tests/worker-i18n.test.mjs,365,addEventListener,0.92,2.7,0.92,caller_3,caller
scripts/smoke/advisor-fallbacks.mjs,138,addEventListener,0.93,2.69,0.92,caller_3,caller
tests/jev-scope.test.mjs,673,judge,0.9,2.69,0.97,callee_0,callee
tests/offline.test.mjs,81,globalThis.fetch,0.93,2.69,0.9199999999999999,callee_0,callee
assets/js/sizing/run.js,417,runSizingUncached,0.91,2.69,0.99,sib_2928,sibling
tests/map-feature.test.mjs,38,drawRectangle,0.92,2.67,0.95,caller_0,caller
tests/map-feature.test.mjs,79,off,0.91,2.63,0.9299999999999999,caller_0,caller
tests/location-picker.test.mjs,67,focus,0.9,2.61,0.91,caller_0,caller
tests/cities.test.mjs,496,focus,0.9,2.6,0.91,caller_0,caller
tests/map-feature.test.mjs,80,remove,0.92,2.6,0.9199999999999999,caller_2,caller
tests/worker-i18n.test.mjs,330,addEventListener,0.89,2.6,0.9,caller_3,caller
assets/js/sizing/charts.js,37,money,0.89,2.59,0.93,callee_0,callee
tests/jargon-lint.test.mjs,126,cleanup,0.9,2.57,0.9099999999999999,caller_0,caller
tests/npx-spawn.test.mjs,67,process.emitWarning,0.91,2.56,0.92,none,none
tests/cities.test.mjs,507,setStatus,0.91,2.55,0.89,caller_0,caller
tests/worker-i18n.test.mjs,258,addEventListener,0.9,2.53,0.8899999999999999,caller_3,caller
scripts/lib/worker-bridge.mjs,137,waitUntil,0.92,2.51,0.86,caller_0,caller
scripts/smoke/gridtie.js,7,runGridTieFlow,0.9,2.51,0.95,callee_2,callee
assets/js/sizing/ui.js,4403,tierPrice,0.9,2.49,0.96,callee_0,callee
tests/polish-pass1.test.mjs,163,addTo,0.9,2.48,0.88,sib_178,sibling
tests/location-picker.test.mjs,272,preventDefault,0.88,2.47,0.88,caller_2,caller
tests/location-picker.test.mjs,307,preventDefault,0.88,2.47,0.88,caller_2,caller
tests/cold-start-defects.test.mjs,199,querySelector,0.91,2.46,0.8500000000000001,caller_3,caller
assets/js/sizing/engine.js,641,sizeForTier,0.9,2.46,0.96,callee_3,callee
assets/js/sizing/run.js,2715,gridSim,0.9,2.46,0.93,callee_0,callee
tests/location-picker.test.mjs,254,preventDefault,0.87,2.45,0.88,caller_2,caller
scripts/smoke/results.js,24,runResultsFlow,0.91,2.44,0.97,callee_2,callee
tests/turnstile-client-lifecycle.test.mjs,87,src,0.89,2.44,0.88,none,none
tests/cum-cost-caption.test.mjs,31,appendChild,0.91,2.41,0.8300000000000001,sib_67,sibling
tests/polish-pass1.test.mjs,171,querySelector,0.9,2.41,0.8300000000000001,caller_3,caller
tests/worker-showcase.test.mjs,245,lateStart,0.88,2.4,0.8800000000000001,none,none
tests/cold-start-defects.test.mjs,157,querySelector,0.9,2.39,0.8300000000000001,caller_3,caller
tests/gate-self-audit.test.mjs,1387,HEALTHY_READING,0.87,2.39,0.88,sib_1010,sibling
scripts/smoke/advisor-fallbacks.mjs,78,focus,0.89,2.38,0.8300000000000001,caller_0,caller
assets/js/sizing/charts.js,31,t,0.89,2.36,0.8700000000000001,callee_0,callee
assets/js/sizing/location-picker.js,39,setupCitySearch,0.89,2.36,0.94,sib_159,sibling
tests/weather-persistence.test.mjs,27,impl,0.86,2.36,0.91,sib_135,sibling
tests/map-feature.test.mjs,94,appendChild,0.91,2.35,0.82,caller_0,caller
scripts/smoke/advisor-fallbacks.mjs,83,querySelector,0.91,2.34,0.8,caller_3,caller
tests/jargon-lint.test.mjs,125,init,0.89,2.34,0.83,caller_0,caller
scripts/smoke/advisor-fallbacks.mjs,48,clientRects,0.89,2.33,0.8400000000000001,sib_337,sibling
tests/turnstile-client-lifecycle.test.mjs,94,querySelector,0.91,2.33,0.81,caller_3,caller
tests/worker-showcase.test.mjs,218,walkUsable,0.89,2.33,0.8799999999999999,none,none
tests/location-picker.test.mjs,479,setStatus,0.89,2.32,0.81,caller_0,caller
tests/map-feature.test.mjs,92,querySelector,0.9,2.3,0.8,caller_3,caller
assets/js/sizing/frontier-chart.js,159,renderFrontier,0.87,2.3,0.93,sib_707,sibling
tests/location-picker.test.mjs,389,onPick,0.86,2.29,0.8,sib_478,sibling
tests/weather-persistence.test.mjs,33,json,0.88,2.29,0.86,sib_135,sibling
scripts/check-privacy.mjs,155,json,0.87,2.28,0.8200000000000001,caller_2,caller
tests/cum-cost-caption.test.mjs,31,el,0.87,2.28,0.8300000000000001,caller_2,caller
scripts/generate-heatmap-data.mjs,72,annualYieldKwhPerKwp,0.85,2.28,0.92,callee_2,callee
scripts/smoke/advisor-fallbacks.mjs,208,scrollTo,0.89,2.27,0.78,caller_0,caller
tests/map-feature.test.mjs,39,cleanup,0.89,2.27,0.85,caller_0,caller
tests/location-picker.test.mjs,486,json,0.86,2.26,0.8200000000000001,caller_2,caller
scripts/serve-static.mjs,91,applyPolicy,0.9,2.26,0.88,callee_0,callee
tests/polish-pass1.test.mjs,89,json,0.86,2.25,0.78,caller_1,caller
assets/js/sizing/charts.js,542,drawCumCostChart,0.87,2.25,0.9099999999999999,caller_0,caller
scripts/smoke/share.js,6,runShareFlow,0.88,2.25,0.88,callee_3,callee
assets/js/sizing/run.js,2680,measureUseCase,0.89,2.24,0.9199999999999999,caller_0,caller
tests/simple-mode-storage.test.mjs,40,getItem,0.87,2.23,0.8,sib_19,sibling
assets/js/sizing/ui.js,4361,renderRelativeOptions,0.88,2.23,0.8999999999999999,caller_1,caller
tests/nasa-timeout.test.mjs,10,hangingFetch,0.87,2.22,0.8500000000000001,sib_38,sibling
tests/simple-mode-storage.test.mjs,41,getItem,0.86,2.22,0.8,sib_19,sibling
assets/js/sizing/run.js,1385,costFn,0.87,2.22,0.85,callee_0,callee
scripts/smoke/advisor-fallbacks.mjs,136,querySelector,0.91,2.21,0.77,caller_3,caller
assets/js/sizing/frontier.js,505,simulateAt,0.86,2.21,0.85,callee_0,callee
tests/cold-start-defects.test.mjs,215,render,0.89,2.21,0.82,caller_1,caller
tests/turnstile-client-lifecycle.test.mjs,118,api.render,0.89,2.21,0.87,callee_0,callee
tests/cities.test.mjs,436,typedCityCandidatesWith,0.9,2.21,0.88,callee_1,callee
tests/location-picker.test.mjs,268,onPick,0.86,2.19,0.76,caller_1,caller
tests/consistency.test.mjs,298,londonWeather,0.85,2.19,0.8400000000000001,callee_0,callee
assets/js/sizing/frontier.js,468,adoptOversizedBanks,0.88,2.18,0.9,callee_2,callee
tests/worker-showcase.test.mjs,53,put,0.89,2.16,0.85,callee_0,callee
scripts/cf-provision-check.mjs,54,checkProvisioning,0.89,2.15,0.8600000000000001,caller_0,caller
assets/js/sizing/ui.js,7705,populatePrintSheet,0.89,2.14,0.87,callee_2,callee
tests/turnstile-client-lifecycle.test.mjs,90,src,0.87,2.14,0.76,sib_208,sibling
tests/turnstile-client-lifecycle.test.mjs,131,render,0.89,2.14,0.81,caller_0,caller
assets/js/sizing/charts.js,17,initCharts,0.86,2.13,0.8,sib_1460,sibling
assets/js/sizing/ui.js,4068,renderBatteryComparison,0.87,2.13,0.88,caller_0,caller
assets/js/sizing/engine.js,696,lifetimeObjective,0.88,2.11,0.84,callee_1,callee
tests/location-picker.test.mjs,356,removeItem,0.87,2.11,0.78,caller_0,caller
assets/js/sizing/run.js,883,focusFor,0.87,2.1,0.87,caller_0,caller
scripts/smoke/a11y.js,410,runA11yFlow,0.88,2.1,0.85,sib_356,sibling
tests/map-feature.test.mjs,93,createElement,0.89,2.09,0.72,caller_1,caller
assets/js/sizing/frontier.js,520,outcomeOf,0.86,2.08,0.87,callee_0,callee
assets/js/sizing/ui.js,5850,renderBomPanel,0.87,2.08,0.83,caller_1,caller
tests/formatting.test.mjs,45,listUntrackedFiles,0.87,2.08,0.85,callee_0,callee
scripts/smoke/privacy.mjs,57,runPrivacyFlow,0.86,2.07,0.83,sib_27,sibling
assets/js/sizing/frontier-chart.js,235,push,0.86,2.05,0.75,sib_640,sibling
tests/consumer-usecases.test.mjs,378,triggerRun,0.88,2.03,0.74,caller_0,caller
tests/turnstile-client-lifecycle.test.mjs,85,setAttribute,0.89,2.02,0.7,caller_0,caller
assets/js/sizing/engine.js,513,evaluateOversizeOptimization,0.85,2.02,0.82,callee_2,callee
assets/js/sizing/paths.js,592,priceAllPaths,0.86,2.02,0.82,callee_0,callee
assets/js/sizing/run.js,1102,enrichGtMatrixCell,0.88,2.02,0.8300000000000001,sib_2680,sibling
assets/js/sizing/ui.js,8169,initSizingUI,0.88,2.02,0.8300000000000001,sib_8690,sibling
scripts/run-tests.mjs,61,parseCounts,0.85,2.01,0.79,caller_0,caller
scripts/smoke/location.js,6,runLocationFlow,0.89,2.01,0.79,callee_2,callee
tests/npx-spawn.test.mjs,128,exists,0.83,2.0,0.74,caller_1,caller
assets/js/sizing/frontier.js,491,lifetimeOf,0.86,2.0,0.81,callee_1,callee
tests/polish-pass1.test.mjs,165,map,0.87,1.99,0.71,caller_1,caller
tests/cities.test.mjs,319,json,0.86,1.99,0.72,caller_2,caller
tests/map-feature.test.mjs,32,onClick,0.86,1.98,0.71,caller_0,caller
scripts/smoke/advisor-fallbacks.mjs,209,fetch,0.88,1.97,0.75,callee_2,callee
tests/npx-spawn.test.mjs,147,exists,0.83,1.97,0.73,caller_1,caller
assets/js/sizing/infeasible-copy.js,69,infeasibleGenericKeys,0.84,1.97,0.73,sib_46,sibling
tests/weather-persistence.test.mjs,135,runFetch,0.87,1.97,0.79,callee_1,callee
assets/js/sizing/ui.js,6102,usesImperialUnits,0.84,1.96,0.74,callee_1,callee
tests/formatting.test.mjs,174,write,0.78,1.95,0.67,sib_135,sibling
tests/npx-spawn.test.mjs,52,exists,0.84,1.95,0.73,caller_1,caller
tests/npx-spawn.test.mjs,58,exists,0.85,1.95,0.73,caller_1,caller
assets/js/sizing/climate.js,37,soilingFactor,0.84,1.95,0.76,callee_0,callee
scripts/apply-branch-protection.mjs,63,main,0.87,1.95,0.77,callee_1,callee
tests/cities.test.mjs,381,json,0.86,1.94,0.71,caller_2,caller
tests/weather-persistence.test.mjs,61,createObjectStore,0.87,1.94,0.71,caller_0,caller
tests/location-picker.test.mjs,145,getElementById,0.87,1.93,0.65,none,none
assets/js/sizing/run.js,190,pickBest,0.81,1.93,0.78,caller_0,caller
assets/js/sizing/ui.js,1372,billForKwh,0.84,1.93,0.77,callee_0,callee
scripts/smoke/deadline.js,10,runDeadlineFlow,0.84,1.92,0.76,callee_3,callee
tests/gate-self-audit.test.mjs,72,runFreshnessGate,0.85,1.92,0.76,callee_2,callee
tests/weather-persistence.test.mjs,110,put,0.87,1.92,0.75,sib_257,sibling
scripts/build-city-pages.mjs,461,hubPage,0.85,1.91,0.76,sib_144,sibling
scripts/generate-heatmap-data.mjs,226,estimateTariffBlended,0.84,1.91,0.78,callee_1,callee
tests/jev-sanitize.test.mjs,501,addEventListener,0.88,1.9,0.6699999999999999,sib_491,sibling
assets/js/sizing/bom.js,252,buildBom,0.85,1.9,0.75,sib_199,sibling
assets/js/sizing/charts.js,914,D,0.87,1.9,0.7,caller_0,caller
assets/js/sizing/ui.js,6237,selectCard,0.86,1.9,0.73,callee_2,callee
assets/js/sizing/ui.js,6402,selectCard,0.88,1.9,0.74,callee_0,callee
tests/frontier.test.mjs,819,adoptBase,0.85,1.9,0.72,sib_800,sibling
tests/worker-i18n.test.mjs,249,renderDegradedIn,0.87,1.9,0.73,callee_1,callee
assets/js/sizing/run.js,675,moneyFor,0.86,1.89,0.75,callee_2,callee
assets/js/sizing/run.js,903,matrixCell,0.86,1.89,0.76,caller_0,caller
assets/js/sizing/run.js,821,cumCostFor,0.81,1.88,0.71,callee_0,callee
tests/location-picker.test.mjs,191,setStatus,0.84,1.86,0.65,caller_0,caller
tests/engine-search-gap.test.mjs,118,meets,0.81,1.86,0.6900000000000001,sib_107,sibling
tests/jev-sanitize.test.mjs,422,fetch,0.86,1.86,0.67,caller_1,caller
tests/map-feature.test.mjs,85,tileLayer,0.89,1.86,0.6799999999999999,caller_1,caller
tests/worker-i18n.test.mjs,371,json,0.84,1.86,0.66,sib_368,sibling
tests/ci-resilience.test.mjs,829,runVerifier,0.86,1.85,0.7100000000000001,callee_3,callee
scripts/smoke/advisor-fallbacks.mjs,79,scrollIntoView,0.86,1.84,0.63,caller_0,caller
assets/js/sizing/bom.js,217,cableGauge,0.79,1.84,0.7000000000000001,caller_0,caller
assets/js/sizing/engine.js,614,strategyOffOpt,0.85,1.84,0.74,callee_0,callee
assets/js/sizing/run.js,801,breakEvenFor,0.81,1.84,0.7100000000000001,callee_0,callee
scripts/smoke/advisor-i18n.mjs,22,renderIn,0.88,1.84,0.7100000000000001,callee_1,callee
scripts/smoke/advisor-fallbacks.mjs,84,querySelectorAll,0.87,1.83,0.63,caller_0,caller
assets/js/sizing/ui.js,5089,renderPathsSection,0.86,1.83,0.74,callee_1,callee
tests/ci-resilience.test.mjs,823,failingSource,0.85,1.83,0.6699999999999999,callee_0,callee
assets/js/sizing/run.js,1498,pointDetail,0.87,1.82,0.72,callee_0,callee
tests/smoke-advisor.test.mjs,87,navigate,0.89,1.81,0.6299999999999999,caller_3,caller
assets/js/sizing/run.js,1013,entryFromSizing,0.86,1.8,0.71,sib_2680,sibling
tests/weather-persistence.test.mjs,49,open,0.83,1.8,0.66,caller_2,caller
scripts/smoke/advisor-fallbacks.mjs,80,contains,0.83,1.79,0.63,caller_1,caller
tests/consumer-usecases.test.mjs,126,fakeAdoptFrontierPoint,0.85,1.79,0.6799999999999999,caller_1,caller
tests/formatting.test.mjs,134,mkdir,0.81,1.78,0.6,caller_0,caller
assets/js/sizing/frontier.js,354,classifyReach,0.77,1.78,0.68,callee_1,callee
assets/js/sizing/ui.js,8443,applyMode,0.85,1.78,0.6900000000000001,callee_0,callee
scripts/smoke/resilience.mjs,133,installNasaInterceptor,0.86,1.77,0.66,caller_0,caller
assets/js/sizing/charts.js,229,X,0.85,1.77,0.61,caller_0,caller
assets/js/sizing/ui.js,828,applyUseCase,0.86,1.77,0.69,callee_2,callee
scripts/smoke/advisor-fallbacks.mjs,137,querySelectorAll,0.87,1.76,0.61,caller_0,caller
assets/js/sizing/frontier-chart.js,231,X,0.86,1.76,0.62,caller_1,caller
assets/js/sizing/run.js,1606,basePayload,0.85,1.76,0.65,callee_1,callee
scripts/smoke/resilience.mjs,870,runShareRestore,0.84,1.75,0.64,sib_350,sibling
tests/formatting.test.mjs,133,exists,0.8,1.75,0.64,sib_171,sibling
assets/js/sizing/engine.js,670,evaluate,0.84,1.75,0.66,callee_0,callee
assets/js/sizing/ui.js,5059,band,0.83,1.75,0.62,caller_0,caller
tests/experience-facet.test.mjs,91,goodLocalePass,0.83,1.75,0.65,caller_0,caller
tests/turnstile-client-lifecycle.test.mjs,136,remove,0.87,1.75,0.65,caller_2,caller
tests/map-feature.test.mjs,81,setView,0.84,1.74,0.61,caller_0,caller
assets/js/sizing/frontier.js,105,sweepSystems,0.82,1.74,0.65,callee_1,callee
assets/js/sizing/paths.js,992,leasePaymentsOf,0.83,1.73,0.63,sib_1068,sibling
assets/js/sizing/run.js,1245,buildTarget,0.85,1.73,0.64,caller_0,caller
tests/weather-persistence.test.mjs,67,tx.objectStore,0.85,1.73,0.63,sib_256,sibling
tests/location-picker.test.mjs,303,setStatus,0.83,1.72,0.59,caller_0,caller
assets/js/sizing/bom.js,129,diyConfig,0.8,1.72,0.64,caller_0,caller
assets/js/sizing/run.js,2353,buildAuto,0.85,1.72,0.64,callee_3,callee
assets/js/sizing/ui.js,6120,updateFuelUnits,0.84,1.72,0.6599999999999999,callee_1,callee
scripts/swap-strategy-test.mjs,166,meets,0.78,1.72,0.62,sib_155,sibling
tests/worker.test.mjs,415,json,0.83,1.71,0.62,sib_410,sibling
assets/js/sizing/ui.js,5015,purchasePaths,0.84,1.71,0.65,caller_0,caller
tests/privacy.test.mjs,153,gateExit,0.85,1.71,0.61,callee_0,callee
tests/weather-persistence.test.mjs,68,get,0.83,1.71,0.61,sib_256,sibling
assets/js/sizing/charts.js,1038,drawAutoChart,0.84,1.7,0.63,caller_0,caller
tests/npx-spawn.test.mjs,116,exists,0.81,1.7,0.61,caller_1,caller
tests/weather-persistence.test.mjs,58,contains,0.85,1.7,0.61,callee_0,callee
assets/js/sizing/rescale.js,218,rs,0.88,1.69,0.57,callee_0,callee
tests/jev-derived-facets.test.mjs,225,buildWith,0.86,1.69,0.63,sib_293,sibling
assets/js/sizing/paths.js,531,leaseSchedule,0.82,1.68,0.62,callee_3,callee
worker/index.js,457,resetRateLimitsForTest,0.88,1.68,0.61,sib_988,sibling
tests/weather-persistence.test.mjs,101,open,0.84,1.68,0.6,sib_135,sibling
assets/js/sizing/charts.js,1136,X,0.85,1.67,0.5800000000000001,caller_0,caller
tests/nasa-timeout.test.mjs,38,stub,0.84,1.67,0.61,sib_10,sibling
tests/simple-mode-storage.test.mjs,20,setItem,0.81,1.67,0.58,callee_0,callee
tests/simple-mode-storage.test.mjs,44,getItem,0.82,1.66,0.56,sib_19,sibling
assets/js/sizing/frontier-chart.js,440,fitFont,0.81,1.66,0.59,caller_0,caller
scripts/lib/quality-matrix.mjs,185,matrixCells,0.83,1.66,0.6200000000000001,callee_2,callee
scripts/lib/ruleset.mjs,31,desiredRuleset,0.81,1.66,0.61,caller_0,caller
tests/weather-persistence.test.mjs,73,put,0.85,1.66,0.5800000000000001,callee_1,callee
assets/js/sizing/paths.js,958,breakEvenYear,0.81,1.65,0.6300000000000001,caller_0,caller
tests/plan-pin.test.mjs,57,state,0.82,1.65,0.5700000000000001,callee_0,callee
tests/worker.test.mjs,356,globalThis.fetch,0.85,1.65,0.6,sib_410,sibling
tests/worker.test.mjs,359,json,0.83,1.65,0.5700000000000001,sib_381,sibling
assets/js/sizing/run.js,305,fetchWeatherWithFallback,0.87,1.65,0.6100000000000001,callee_2,callee
scripts/validate-against-sheet.mjs,61,slice,0.86,1.64,0.58,caller_1,caller
scripts/generate-heatmap-data.mjs,308,computeLcoe,0.81,1.64,0.6,sib_259,sibling
scripts/smoke/weather.js,40,runWeatherFlow,0.85,1.64,0.6,callee_2,callee
tests/turnstile-client-lifecycle.test.mjs,116,asyncApi,0.84,1.64,0.59,callee_0,callee
tests/cold-start-defects.test.mjs,55,postChat,0.86,1.64,0.6,callee_1,callee
assets/js/sizing/ui.js,2181,setCoords,0.87,1.63,0.6000000000000001,callee_2,callee
assets/js/sizing/validate.js,106,resetJevHealthForTest,0.84,1.63,0.5800000000000001,callee_0,callee
scripts/smoke/resilience.mjs,156,handlePaused,0.84,1.63,0.6,callee_3,callee
tests/experience-facet.test.mjs,112,HEALTHY,0.82,1.63,0.54,sib_91,sibling
tests/gate-self-audit.test.mjs,991,healthyPath,0.81,1.63,0.59,sib_1010,sibling
tests/worker.test.mjs,332,globalThis.fetch,0.86,1.63,0.5800000000000001,sib_410,sibling
tests/location-picker.test.mjs,306,enter,0.81,1.62,0.5599999999999999,callee_0,callee
scripts/lib/seo.mjs,26,metadataIssues,0.82,1.62,0.5900000000000001,sib_22,sibling
scripts/run-tests.mjs,111,tee,0.87,1.62,0.56,caller_0,caller
scripts/smoke/performance.mjs,319,describe,0.81,1.62,0.5800000000000001,caller_1,caller
tests/consumer-usecases.test.mjs,38,optimalYearRoundTilt,0.71,1.62,0.59,sib_560,sibling
assets/js/sizing/ui.js,1107,renderSimpleResults,0.84,1.61,0.5900000000000001,caller_0,caller
assets/js/sizing/ui.js,7389,refreshSelectionOutputs,0.85,1.61,0.5800000000000001,caller_0,caller
scripts/generate-heatmap-data.mjs,259,systemCostMid,0.79,1.61,0.58,callee_0,callee
worker/index.js,436,checkRateLimit,0.82,1.61,0.58,callee_0,callee
worker/index.js,547,callGroq,0.87,1.61,0.6000000000000001,caller_0,caller
assets/js/cf-beacon.js,38,injectBeacon,0.86,1.6,0.5700000000000001,sib_22,sibling
assets/js/sizing/run.js,864,moneyTail,0.83,1.6,0.57,callee_0,callee
assets/js/sizing/ui.js,3018,mergeReSlice,0.85,1.6,0.57,caller_0,caller
scripts/smoke/a11y.js,170,contrastFailures,0.79,1.6,0.58,callee_3,callee
tests/consumer-usecases.test.mjs,388,onSizeMySystemClick,0.82,1.6,0.56,callee_0,callee
scripts/smoke/advisor-fallbacks.mjs,194,runScenario,0.82,1.6,0.57,callee_3,callee
assets/js/sizing/paths.js,889,addOwnerRecurring,0.83,1.59,0.5800000000000001,caller_0,caller
tests/consumer-usecases.test.mjs,282,computeWeightedTrueRate,0.78,1.59,0.59,none,none
tests/gate-self-audit.test.mjs,179,healthyPlay,0.78,1.59,0.5700000000000001,sib_1010,sibling
tests/jev-sanitize.test.mjs,360,fetch,0.82,1.59,0.56,caller_0,caller
assets/js/sizing/ui.js,2335,applyEstimatedTariff,0.85,1.58,0.56,caller_1,caller
assets/js/sizing/usecases.js,428,verdictKeys,0.78,1.58,0.55,callee_2,callee
scripts/smoke/a11y.js,244,tabWalk,0.8,1.58,0.5700000000000001,caller_0,caller
scripts/build-city-pages.mjs,144,cityPage,0.85,1.57,0.55,sib_112,sibling
scripts/generate-heatmap-data.mjs,287,computeBreakeven,0.81,1.57,0.56,sib_259,sibling
scripts/lib/graceful-exit.mjs,21,exitWhenDrained,0.82,1.57,0.59,callee_0,callee
scripts/lib/jev-complete.mjs,1053,addImprovement,0.85,1.57,0.56,caller_0,caller
scripts/lib/lighthouse-budgets.mjs,549,fitFacetLine,0.82,1.57,0.55,caller_0,caller
scripts/lib/quality-matrix.mjs,90,match,0.81,1.57,0.55,sib_185,sibling
tests/weather-persistence.test.mjs,121,weatherRecord,0.83,1.57,0.55,callee_1,callee
assets/js/sizing/paths.js,734,installed,0.83,1.56,0.53,caller_0,caller
assets/js/sizing/ui.js,6142,updateGenHelper,0.84,1.56,0.55,callee_1,callee
tests/jev-ci-evidence.test.mjs,678,run,0.84,1.56,0.52,callee_1,callee
tests/weather-persistence.test.mjs,116,delete,0.86,1.56,0.53,sib_258,sibling
tests/polish-pass1.test.mjs,159,addEventListener,0.84,1.55,0.53,callee_0,callee
assets/js/shared/cut-targets.js,16,targetForPct,0.81,1.55,0.54,caller_0,caller
assets/js/sizing/pricing.js,131,fullRange,0.82,1.55,0.53,callee_1,callee
assets/js/sizing/run.js,793,toPct,0.8,1.55,0.52,sib_2928,sibling
assets/js/sizing/ui.js,1691,refresh,0.84,1.55,0.54,caller_0,caller
assets/js/sizing/ui.js,5648,entryDetailRows,0.8,1.55,0.54,callee_2,callee
assets/js/sizing/map-provider.js,156,init,0.86,1.55,0.54,sib_147,sibling
assets/js/sizing/climate.js,97,climateSummary,0.8,1.54,0.5,callee_0,callee
assets/js/sizing/paths.js,212,expandRegion,0.82,1.54,0.53,sib_1068,sibling
assets/js/sizing/paths.js,819,hardware,0.83,1.54,0.52,caller_0,caller
tests/cities.test.mjs,428,setItem,0.82,1.54,0.52,callee_0,callee
assets/js/sizing/ui.js,8110,triggerInstall,0.84,1.53,0.55,sib_8169,sibling
assets/js/sizing/tilt-harvest.js,61,annualYieldIndex,0.74,1.53,0.51,callee_1,callee
assets/js/sizing/ui.js,7312,renderSelectedBanner,0.8,1.53,0.52,caller_1,caller
tests/weather-persistence.test.mjs,65,transaction,0.83,1.53,0.52,caller_1,caller
tests/location-picker.test.mjs,74,withDom,0.84,1.53,0.53,callee_2,callee
assets/js/sizing/ui.js,2719,run,0.85,1.52,0.53,caller_1,caller
scripts/lib/visual-budgets.mjs,121,visualCells,0.82,1.52,0.51,callee_1,callee
tests/gate-self-audit.test.mjs,1010,healthyResult,0.76,1.52,0.52,callee_0,callee
tests/worker-showcase.test.mjs,99,get,0.85,1.52,0.51,callee_1,callee
scripts/check-lighthouse.mjs,236,ctx.ws.onmessage,0.88,1.51,0.5,callee_1,callee
sw.js,87,serveFresh,0.85,1.51,0.51,callee_1,callee
assets/js/sizing/ui.js,714,setupSimpleMode,0.85,1.51,0.51,callee_2,callee
assets/js/sizing/ui.js,4799,setLevel,0.86,1.51,0.51,callee_1,callee
assets/js/sizing/ui.js,5154,sel.onchange,0.84,1.51,0.52,callee_0,callee
tests/turnstile-client-lifecycle.test.mjs,248,doc.head.appendChild,0.84,1.51,0.51,sib_208,sibling
assets/js/sizing/run.js,241,clearSiteMemo,0.82,1.5,0.52,sib_2928,sibling
assets/js/sizing/ui.js,3451,previewCurvePoint,0.84,1.5,0.51,caller_0,caller
assets/js/sizing/ui.js,6218,renderTierCards,0.81,1.5,0.51,callee_3,callee
scripts/smoke/advisor-fallbacks.mjs,56,removeAttribute,0.83,1.5,0.53,caller_0,caller
tests/worker.test.mjs,420,json,0.82,1.5,0.49,sib_381,sibling
assets/js/sizing/ui.js,8014,setFeedback,0.84,1.49,0.5,caller_0,caller
tests/cities.test.mjs,497,querySelectorAll,0.83,1.49,0.49,caller_0,caller
assets/js/sizing/frontier.js,531,priceOf,0.78,1.49,0.49,callee_0,callee
scripts/smoke/actions.mjs,85,setInputs,0.82,1.49,0.5,callee_0,callee
tests/worker-showcase.test.mjs,85,post,0.86,1.49,0.51,callee_1,callee
assets/js/sizing/paths.js,924,finish,0.83,1.48,0.49,callee_1,callee
assets/js/sizing/ui.js,657,applySimpleMode,0.83,1.48,0.5,callee_2,callee
assets/js/sizing/charts.js,132,drawSocChart,0.81,1.47,0.44999999999999996,sib_1585,sibling
tests/formatting.test.mjs,173,mkdir,0.72,1.47,0.49,caller_0,caller
assets/js/sizing/run.js,656,replCostFor,0.78,1.47,0.49,callee_0,callee
scripts/lib/gates.mjs,184,aimsOutsideSite,0.79,1.47,0.5,callee_0,callee
tests/consumer-usecases.test.mjs,64,computeDailyKwh,0.78,1.47,0.51,none,none
tests/quality-evidence.test.mjs,35,freshDoc,0.8,1.47,0.5,sib_33,sibling
assets/js/chat.js,880,setupEventListeners,0.86,1.46,0.49,sib_873,sibling
tests/cold-start-preflight.test.mjs,77,doFetch,0.81,1.46,0.49,sib_132,sibling
tests/polish-pass1.test.mjs,178,appendChild,0.82,1.46,0.47,caller_0,caller
tests/turnstile-client-lifecycle.test.mjs,208,doc.head.appendChild,0.84,1.46,0.49,callee_1,callee
assets/js/sizing/run.js,291,fetchWeatherOnce,0.83,1.46,0.48,callee_0,callee
scripts/validate-jsonld.mjs,63,walk,0.86,1.45,0.49,none,none
assets/js/sizing/ui.js,2987,postSlice,0.84,1.45,0.47,caller_1,caller
scripts/build-offline-profiles.mjs,15,fetchYear,0.85,1.45,0.48,callee_2,callee
assets/js/sizing/paths.js,526,addTo,0.83,1.44,0.48,none,none
assets/js/sizing/ui.js,6379,renderTargetCards,0.82,1.44,0.46,callee_3,callee
tests/jev-sanitize.test.mjs,491,makeElement,0.84,1.44,0.48000000000000004,caller_0,caller
tests/lead-acid-copy.test.mjs,18,pick,0.75,1.44,0.5,sib_26,sibling
worker/advisor-fallback.mjs,109,buildDegradedReply,0.81,1.44,0.47,callee_1,callee
tests/jev-sanitize.test.mjs,500,setAttribute,0.8,1.43,0.49,sib_491,sibling
assets/js/sizing/charts.js,231,drawBand,0.75,1.43,0.45999999999999996,caller_0,caller
assets/js/sizing/ui.js,4401,tierPvKw,0.82,1.43,0.47,caller_0,caller
tests/ci-resilience.test.mjs,232,run,0.85,1.43,0.48000000000000004,callee_0,callee
assets/js/heatmap.js,257,renderDots,0.81,1.42,0.44,caller_0,caller
assets/js/sizing/charts.js,1425,zoomChart,0.81,1.42,0.44,callee_0,callee
assets/js/sizing/frontier.js,238,thinFront,0.75,1.42,0.44999999999999996,caller_0,caller
tests/location-picker.test.mjs,478,onPick,0.83,1.42,0.43,caller_1,caller
worker/usage-ledger.mjs,45,recordUsageEvent,0.84,1.42,0.45,sib_31,sibling
assets/js/sizing/sizing-worker.js,83,rest.onWeatherResolved,0.83,1.41,0.44,sib_19,sibling
assets/js/sizing/tilt-harvest.js,38,beamOnTiltedPlane,0.78,1.41,0.44,caller_0,caller
assets/js/sizing/ui.js,5345,matrixHtml,0.8,1.41,0.44999999999999996,caller_1,caller
tests/simple-mode-storage.test.mjs,19,getItem,0.8,1.41,0.45999999999999996,sib_20,sibling
assets/js/sizing/bom.js,164,retailConfig,0.75,1.4,0.46,caller_0,caller
assets/js/sizing/paths.js,725,priceOne,0.81,1.4,0.41,callee_0,callee
assets/js/sizing/paths.js,1068,describePaths,0.79,1.4,0.43000000000000005,callee_3,callee
assets/js/sizing/ui.js,1554,renderAppliances,0.81,1.4,0.44,caller_0,caller
tests/location-picker.test.mjs,423,getCurrentPosition,0.8,1.4,0.44,caller_0,caller
assets/js/sizing/charts.js,760,bandFill,0.8,1.39,0.43999999999999995,caller_0,caller
assets/js/sizing/ui.js,5231,renderEli5Card,0.81,1.39,0.42000000000000004,caller_0,caller
assets/js/sizing/charts.js,700,X,0.83,1.38,0.43000000000000005,caller_0,caller
assets/js/sizing/cities.js,122,searchCities,0.79,1.38,0.43000000000000005,caller_1,caller
assets/js/sizing/paths.js,293,registryFor,0.77,1.38,0.42,caller_0,caller
scripts/check-privacy-browser.mjs,52,run,0.83,1.38,0.45,callee_3,callee
tests/location-picker.test.mjs,466,getCurrentPosition,0.8,1.38,0.43000000000000005,caller_0,caller
tests/turnstile-client-lifecycle.test.mjs,155,doc.head.appendChild,0.84,1.37,0.45,callee_1,callee
assets/js/sizing/charts.js,454,cumCostCaptionText,0.74,1.37,0.41000000000000003,caller_1,caller
assets/js/sizing/frontier-chart.js,232,Y,0.81,1.37,0.43,caller_2,caller
assets/js/sizing/location-picker.js,56,draw,0.83,1.37,0.41000000000000003,caller_0,caller
assets/js/sizing/ui.js,3540,renderFocusPanel,0.79,1.37,0.4,caller_1,caller
assets/js/sizing/ui.js,5862,section,0.81,1.37,0.43,caller_0,caller
scripts/smoke-local.mjs,21,run,0.82,1.37,0.45,callee_3,callee
tests/experience-facet.test.mjs,71,goodEmpty,0.72,1.37,0.42,caller_0,caller
tests/performance-playtest.test.mjs,56,lighthouseReport,0.78,1.37,0.43000000000000005,none,none
tests/turnstile-client-lifecycle.test.mjs,67,fakeDoc,0.79,1.37,0.46,sib_248,sibling
assets/js/shared/i18n.js,113,applyI18n,0.84,1.37,0.42000000000000004,sib_92,sibling
scripts/check-a11y-matrix.mjs,373,audit,0.82,1.36,0.4,callee_2,callee
assets/js/sizing/pricing.js,95,costRange,0.78,1.36,0.41,callee_1,callee
assets/js/sizing/ui.js,2434,closeMap,0.84,1.36,0.41000000000000003,sib_8169,sibling
assets/js/sizing/ui.js,5741,showSystemModal,0.81,1.36,0.41000000000000003,caller_1,caller
scripts/check-staging-drift.mjs,29,check,0.84,1.36,0.42000000000000004,none,none
scripts/smoke/a11y.js,305,assertDivButtonsOperable,0.75,1.36,0.42000000000000004,callee_1,callee
tests/cold-start-defects.test.mjs,201,appendChild,0.82,1.36,0.45,caller_0,caller
scripts/smoke/advisor-fallbacks.mjs,75,click,0.84,1.35,0.42,caller_0,caller
tests/turnstile-client-lifecycle.test.mjs,178,doc.head.appendChild,0.83,1.35,0.44000000000000006,callee_1,callee
assets/js/sizing/bom.js,83,fuseOverflows,0.79,1.35,0.41,caller_0,caller
assets/js/sizing/run.js,375,runSizingCore,0.81,1.35,0.41,caller_0,caller
tests/weather-persistence.test.mjs,102,match,0.84,1.35,0.42,sib_257,sibling
assets/js/heatmap.js,49,getPointCost,0.75,1.34,0.39,caller_1,caller
assets/js/sizing/bom.js,109,panelLayout,0.68,1.34,0.4,caller_1,caller
assets/js/sizing/paths.js,373,incentivesFor,0.82,1.34,0.41,caller_0,caller
assets/js/sizing/engine.js,153,tempFactor,0.67,1.33,0.4,callee_0,callee
assets/js/sizing/lead-acid.js,72,leadAcidChipCopy,0.78,1.33,0.39,sib_30,sibling
assets/js/sizing/engine.js,120,hit,0.74,1.32,0.41000000000000003,caller_0,caller
assets/js/sizing/run.js,758,socBand,0.77,1.32,0.39,callee_0,callee
scripts/lib/gates.mjs,189,resolvesToDeployed,0.76,1.32,0.4,callee_2,callee
assets/js/sizing/bom.js,78,nextFuseSize,0.72,1.31,0.38,callee_0,callee
assets/js/sizing/frontier-chart.js,464,swatch,0.79,1.31,0.39,caller_1,caller
scripts/smoke/a11y.js,235,fireAndSample,0.76,1.31,0.39,sib_410,sibling
tests/worker-showcase.test.mjs,59,memoryD1,0.77,1.31,0.43999999999999995,none,none
tests/weather-persistence.test.mjs,257,setItem,0.77,1.31,0.41000000000000003,callee_0,callee
assets/js/sizing/ui.js,4781,footprintText,0.77,1.3,0.41,callee_0,callee
scripts/lib/byte-budgets.mjs,154,initialRequests,0.78,1.3,0.39,caller_0,caller
scripts/verify-staging.mjs,100,remaining,0.77,1.3,0.41,caller_0,caller
tests/cities.test.mjs,472,getElementById,0.8,1.3,0.42,caller_0,caller
tests/cities.test.mjs,493,dispatch,0.86,1.3,0.39999999999999997,caller_0,caller
tests/consistency.test.mjs,311,moneyEntries,0.77,1.3,0.39,sib_334,sibling
tests/visual-budgets.test.mjs,32,read,0.74,1.3,0.4,caller_3,caller
scripts/serve-static.mjs,64,serveStatic,0.82,1.3,0.38,caller_3,caller
assets/js/sizing/ui.js,1291,updateAutoRows,0.81,1.29,0.36,caller_1,caller
assets/js/sizing/ui.js,4806,renderBestPick,0.79,1.29,0.37,callee_2,callee
scripts/lib/jev-complete.mjs,656,heuristicFacetLevels,0.76,1.29,0.35000000000000003,caller_0,caller
scripts/live-sanity.mjs,4,check,0.85,1.29,0.4,none,none
scripts/smoke/advisor-fallbacks.mjs,274,assertions,0.78,1.29,0.38,sib_337,sibling
tests/jev-report-print.test.mjs,100,scopedBlock,0.79,1.29,0.41000000000000003,caller_0,caller
tests/polish-pass1.test.mjs,172,createElement,0.8,1.29,0.39,sib_198,sibling
tests/weather-persistence.test.mjs,97,makeCachesMock,0.77,1.29,0.37,callee_1,callee
assets/js/sizing/nasa.js,62,fetchChunk,0.81,1.29,0.36000000000000004,sib_371,sibling
scripts/check-visual.mjs,172,capture,0.85,1.29,0.36000000000000004,caller_0,caller
assets/js/sizing/rescale.js,181,scaleFocus,0.79,1.28,0.38,caller_0,caller
tests/cross-browser.test.mjs,32,read,0.76,1.28,0.39,caller_3,caller
assets/js/sizing/bom.js,90,nextControllerSize,0.63,1.27,0.37,callee_0,callee
assets/js/sizing/parts-csv.js,36,partsListRows,0.72,1.27,0.38,caller_0,caller
assets/js/sizing/ui.js,2152,markPrecalcDirty,0.8,1.27,0.35000000000000003,callee_2,callee
scripts/lib/api-target.mjs,40,apiTarget,0.71,1.27,0.38,sib_174,sibling
assets/js/sizing/ui.js,782,catalogueKwh,0.76,1.26,0.35000000000000003,caller_0,caller
assets/js/sizing/ui.js,8029,done,0.83,1.26,0.38,caller_0,caller
scripts/smoke/jev.js,284,setMode,0.76,1.26,0.35,sib_342,sibling
tests/cold-start-defects.test.mjs,191,appendChild,0.8,1.26,0.39,caller_0,caller
tests/weather-persistence.test.mjs,78,delete,0.8,1.26,0.39,sib_258,sibling
assets/js/sizing/engine.js,158,arrayEfficiency,0.69,1.25,0.37,caller_0,caller
assets/js/sizing/charts.js,701,Y,0.75,1.24,0.37,caller_2,caller
assets/js/sizing/usecases.js,300,metricOf,0.77,1.24,0.37,caller_0,caller
assets/js/sizing/usecases.js,362,deriveLegacy,0.74,1.24,0.36,callee_0,callee
scripts/smoke/advisor-fallbacks.mjs,314,assertions,0.75,1.24,0.37,sib_296,sibling
scripts/smoke/advisor-fallbacks.mjs,337,assertions,0.75,1.24,0.36,sib_296,sibling
tests/location-picker.test.mjs,302,onPick,0.77,1.24,0.34,caller_1,caller
assets/js/sizing/location-picker.js,104,reset,0.82,1.23,0.33,sib_39,sibling
assets/js/sizing/nasa.js,285,cacheKey,0.72,1.23,0.33999999999999997,callee_0,callee
assets/js/sizing/ui.js,4045,fxNote,0.81,1.23,0.36,callee_0,callee
tests/worker.test.mjs,18,chatReq,0.79,1.23,0.36,sib_410,sibling
assets/js/sizing/charts.js,999,drawSocChartForEntry,0.78,1.22,0.31,callee_1,callee
assets/js/sizing/frontier.js,487,linearCapex,0.78,1.22,0.31999999999999995,sib_468,sibling
assets/js/sizing/paths.js,579,incentiveValue,0.73,1.22,0.33999999999999997,callee_0,callee
tests/experience-facet.test.mjs,58,goodError,0.72,1.22,0.35,caller_0,caller
assets/js/sizing/nasa.js,280,clearCompactCache,0.78,1.22,0.34,sib_371,sibling
assets/js/sizing/ui.js,5215,whyText,0.71,1.21,0.32,callee_2,callee
assets/js/sizing/ui.js,5827,buildFocusBom,0.77,1.21,0.32,callee_2,callee
assets/js/sizing/ui.js,6170,applyGenRate,0.81,1.21,0.33,callee_3,callee
assets/js/sizing/usecases.js,159,metricOf,0.76,1.2,0.34,caller_0,caller
assets/js/sizing/nasa.js,38,fetchHourlySeries,0.8,1.2,0.3,caller_0,caller
assets/js/sizing/frontier.js,305,costPerPoint,0.7,1.19,0.29000000000000004,caller_1,caller
scripts/check-a11y-matrix.mjs,74,summaryLines,0.79,1.19,0.32999999999999996,caller_0,caller
scripts/lib/jev-complete.mjs,238,readRatchetBaseline,0.79,1.19,0.31,caller_0,caller
scripts/smoke/advisor-fallbacks.mjs,121,createTextNode,0.75,1.19,0.34,caller_0,caller
tests/weather-persistence.test.mjs,20,fakeNetwork,0.78,1.19,0.32999999999999996,callee_0,callee
tests/weather-persistence.test.mjs,258,removeItem,0.76,1.19,0.35,callee_0,callee
assets/js/sizing/cities.js,206,formatCityLabel,0.74,1.18,0.32,callee_3,callee
assets/js/sizing/engine.js,169,buildE1kw,0.7,1.18,0.29000000000000004,callee_3,callee
assets/js/sizing/ui.js,791,renderCatalogue,0.81,1.18,0.29000000000000004,caller_0,caller
assets/js/sizing/ui.js,5045,turnkeyQuoteText,0.76,1.18,0.32,callee_3,callee
tests/consumer-usecases.test.mjs,134,onBudgetSliderChange,0.73,1.18,0.36,callee_0,callee
tests/location-picker.test.mjs,480,isCurrent,0.74,1.18,0.36,caller_0,caller
assets/js/sizing/charts.js,1435,findWorstStreak,0.71,1.17,0.33,caller_0,caller
tests/polish-pass1.test.mjs,198,fakeEl,0.79,1.17,0.33999999999999997,sib_172,sibling
scripts/lib/worker-bridge.mjs,91,handleWorkerRequest,0.8,1.17,0.29000000000000004,sib_65,sibling
assets/js/shared/i18n.js,92,translate,0.77,1.16,0.30000000000000004,callee_1,callee
assets/js/shared/simple-view.js,9,buildSimpleView,0.74,1.16,0.28,callee_0,callee
assets/js/sizing/charts.js,1382,redrawSocChart,0.79,1.16,0.32999999999999996,callee_1,callee
assets/js/sizing/paths.js,686,newPath,0.79,1.16,0.28,caller_0,caller
scripts/generate-heatmap-data.mjs,101,nearestProfile,0.75,1.16,0.31,callee_0,callee
tests/consumer-usecases.test.mjs,560,fmtDelta,0.75,1.16,0.32999999999999996,caller_0,caller
tests/smoke-advisor.test.mjs,98,failed,0.73,1.16,0.32,sib_100,sibling
tests/perf-budget.test.mjs,247,stubPowerFetch,0.75,1.16,0.32,sib_397,sibling
assets/js/sizing/ui.js,5318,matrixColShort,0.74,1.15,0.27,caller_0,caller
assets/js/sizing/ui.js,8071,renderBom,0.8,1.15,0.28,caller_0,caller
assets/js/sizing/usecases.js,125,metricOf,0.73,1.15,0.32,caller_0,caller
scripts/lib/cross-browser.mjs,119,verdict,0.76,1.15,0.30000000000000004,sib_66,sibling
tests/lead-acid-copy.test.mjs,26,agm,0.69,1.15,0.34,sib_18,sibling
assets/js/sizing/frontier.js,90,battLadder,0.72,1.14,0.29000000000000004,caller_0,caller
assets/js/sizing/nasa.js,371,fetchHourlyCached,0.83,1.14,0.27,callee_3,callee
scripts/lib/jev-complete.mjs,691,matchCompleteKeywords,0.78,1.14,0.28,sib_963,sibling
tests/turnstile-client-lifecycle.test.mjs,72,appendChild,0.79,1.14,0.34,sib_248,sibling
assets/js/sizing/charts.js,1355,getActiveChartLength,0.73,1.13,0.3,caller_2,caller
assets/js/sizing/engine.js,1457,at,0.77,1.13,0.29,sib_1583,sibling
assets/js/sizing/ui.js,6184,renderMoneyBar,0.72,1.13,0.28,callee_3,callee
tests/ci-resilience.test.mjs,705,sleep,0.74,1.13,0.34,caller_0,caller
tests/location-picker.test.mjs,225,onPick,0.78,1.13,0.32,caller_1,caller
assets/js/sizing/nasa.js,115,buildUrl,0.75,1.13,0.28,callee_0,callee
tests/turnstile-client-lifecycle.test.mjs,84,createElement,0.81,1.12,0.33,caller_0,caller
assets/js/sizing/ui.js,3558,chip,0.81,1.12,0.29000000000000004,caller_0,caller
tests/location-picker.test.mjs,191,onPick,0.74,1.12,0.32,caller_1,caller
scripts/smoke/actions.mjs,65,chooseHonolulu,0.77,1.12,0.30000000000000004,caller_2,caller
assets/js/heatmap.js,210,updateLegend,0.79,1.11,0.28,sib_374,sibling
scripts/smoke/actions.mjs,19,jevFetchStubSource,0.75,1.11,0.28,caller_1,caller
tests/location-picker.test.mjs,409,onPick,0.76,1.11,0.3,caller_1,caller
scripts/smoke/advisor-fallbacks.mjs,66,removeChild,0.82,1.1,0.30000000000000004,caller_1,caller
tests/resilience-facet.test.mjs,269,patch,0.66,1.1,0.31,callee_0,callee
tests/weather-persistence.test.mjs,46,makeIdbMock,0.74,1.1,0.28,sib_135,sibling
assets/js/sizing/cities.js,161,mergeCities,0.74,1.09,0.26,caller_0,caller
tests/location-picker.test.mjs,431,onPick,0.76,1.09,0.3,caller_1,caller
tests/persona-matrix.test.mjs,51,selectedSystem,0.8,1.09,0.30000000000000004,callee_0,callee
assets/js/sizing/infeasible-copy.js,46,infeasibleCopyKeys,0.57,1.08,0.27,callee_0,callee
assets/js/sizing/paths.js,843,fees,0.78,1.08,0.29,callee_0,callee
assets/js/sizing/ui.js,1478,repaintRuntimeCopy,0.78,1.08,0.25,callee_1,callee
assets/js/sizing/ui.js,8009,copyShareLink,0.76,1.07,0.24000000000000002,callee_1,callee
assets/js/sizing/ui.js,5442,renderMatrix,0.79,1.07,0.22,callee_1,callee
scripts/lib/byte-budgets.mjs,314,metric,0.79,1.07,0.27,caller_0,caller
scripts/lib/gates.mjs,175,resolveHref,0.74,1.07,0.24000000000000002,caller_0,caller
assets/js/sizing/ui.js,690,toggleExplanation,0.8,1.06,0.25,caller_0,caller
assets/js/sizing/ui.js,5102,rows,0.77,1.06,0.27,caller_0,caller
assets/js/sizing/ui.js,6566,appendRows,0.72,1.06,0.23,caller_0,caller
scripts/lib/base-url.mjs,11,normalizeBase,0.73,1.06,0.25,callee_0,callee
scripts/lib/visual-budgets.mjs,170,classifySnapshot,0.69,1.06,0.22,sib_105,sibling
assets/js/sizing/ui.js,3284,syncToBill,0.76,1.05,0.22,callee_2,callee
scripts/lib/visual-budgets.mjs,203,visualVerdict,0.73,1.05,0.23,sib_170,sibling
tests/jev-report-print.test.mjs,20,facet,0.75,1.05,0.27,caller_0,caller
tests/location-picker.test.mjs,42,makeEl,0.78,1.05,0.30000000000000004,caller_0,caller
tests/resilience-facet.test.mjs,275,patch,0.62,1.05,0.28,callee_0,callee
scripts/smoke/actions.mjs,42,navigate,0.81,1.05,0.24,sib_33,sibling
assets/js/chat.js,597,toggleIntakeMode,0.81,1.04,0.25,sib_880,sibling
assets/js/sizing/frontier.js,56,isBoundLimited,0.71,1.04,0.24000000000000002,caller_0,caller
scripts/check-byte-budgets.mjs,237,verdictOf,0.76,1.04,0.26,caller_0,caller
tests/resilience-facet.test.mjs,264,patch,0.63,1.04,0.28,callee_0,callee
scripts/lib/gates.mjs,362,resolveRequestPath,0.79,1.04,0.22,caller_0,caller
assets/js/sizing/ui.js,3233,setGoal,0.76,1.03,0.24000000000000002,caller_0,caller
assets/js/sizing/ui.js,4492,fmtDelta,0.74,1.03,0.22,caller_0,caller
assets/js/sizing/ui.js,8103,setupPwaControls,0.78,1.03,0.24000000000000002,caller_0,caller
assets/js/sizing/wizard.js,29,state,0.73,1.03,0.31,sib_22,sibling
scripts/smoke/performance.mjs,356,splitFirstResult,0.72,1.03,0.24000000000000002,caller_0,caller
tests/jev-report-print.test.mjs,31,facets,0.74,1.03,0.28,callee_0,callee
scripts/smoke/runtime.mjs,199,send,0.82,1.02,0.24000000000000002,sib_91,sibling
assets/js/sizing/frontier.js,219,paretoFront,0.7,1.02,0.22,caller_0,caller
assets/js/sizing/nasa.js,275,v2Key,0.66,1.02,0.25,callee_0,callee
assets/js/sizing/pricing.js,166,landedMidBattKwhFor,0.68,1.02,0.2,callee_0,callee
assets/js/sizing/ui.js,6777,onSelect,0.79,1.02,0.25,callee_0,callee
scripts/cold-start-preflight.mjs,238,parseArgs,0.78,1.02,0.26,sib_249,sibling
scripts/lib/lighthouse-budgets.mjs,612,compareLighthouse,0.67,1.02,0.26,sib_455,sibling
tests/experience-facet.test.mjs,43,goodAction,0.68,1.02,0.23,caller_0,caller
tests/performance-playtest.test.mjs,251,patch,0.62,1.02,0.28,callee_0,callee
tests/consistency.test.mjs,182,stubPowerFetch,0.73,1.02,0.25,sib_523,sibling
assets/js/sizing/frontier.js,72,pvLadder,0.66,1.01,0.21000000000000002,caller_1,caller
assets/js/sizing/ui.js,1319,applianceState,0.78,1.01,0.22,caller_1,caller
tests/cities.test.mjs,490,addEventListener,0.81,1.01,0.27,sib_474,sibling
assets/js/sizing/frontier-chart.js,707,frontierVerdict,0.63,1.0,0.22,callee_0,callee
tests/jev-report-print.test.mjs,55,baseReport,0.81,1.0,0.27999999999999997,callee_0,callee
worker/index.js,426,_bump,0.81,1.0,0.24000000000000002,caller_0,caller
tests/jargon-lint.test.mjs,42,setItem,0.73,1.0,0.22999999999999998,sib_39,sibling
tests/wizard.test.mjs,17,setItem,0.71,1.0,0.21000000000000002,sib_14,sibling
scripts/smoke/advisor-fallbacks.mjs,71,addEventListener,0.83,0.99,0.27,caller_3,caller
tests/performance-playtest.test.mjs,277,patch,0.68,0.99,0.26,callee_0,callee
tests/resilience-facet.test.mjs,223,patch,0.65,0.99,0.28,callee_0,callee
scripts/verify-staging.mjs,160,fetchText,0.76,0.99,0.18000000000000002,callee_0,callee
assets/js/chat.js,210,window.scrollToCalc,0.72,0.98,0.22,callee_1,callee
assets/js/sizing/pricing.js,81,battRangeFor,0.67,0.98,0.2,caller_1,caller
scripts/lib/lighthouse-budgets.mjs,705,compareSpeed,0.69,0.98,0.22,sib_612,sibling
tests/resilience-facet.test.mjs,234,patch,0.63,0.98,0.26,callee_0,callee
assets/js/shared/jargon-dict.js,191,explainElement,0.77,0.97,0.19,callee_0,callee
assets/js/sizing/frontier.js,279,findKnee,0.71,0.97,0.21000000000000002,caller_0,caller
scripts/lib/worktree.mjs,42,detachWorktree,0.67,0.97,0.17,sib_29,sibling
tests/consumer-usecases.test.mjs,141,onFrontierCurveClick,0.73,0.97,0.26,callee_0,callee
tests/resilience-facet.test.mjs,218,patch,0.64,0.97,0.26,callee_0,callee
scripts/unstick-queued-runs.mjs,65,api,0.76,0.97,0.22,caller_0,caller
assets/js/sizing/frontier-chart.js,62,textWidth,0.63,0.96,0.19,caller_0,caller
scripts/lib/jev-report-print.mjs,35,scopeOf,0.68,0.96,0.25,caller_0,caller
tests/resilience-facet.test.mjs,281,patch,0.63,0.96,0.23,callee_0,callee
tests/resilience-facet.test.mjs,228,patch,0.63,0.95,0.26,callee_0,callee
assets/js/sizing/cities.js,257,setGeocodeFetchImpl,0.73,0.94,0.21,caller_1,caller
assets/js/sizing/climate.js,11,climateClass,0.62,0.94,0.19,caller_1,caller
assets/js/sizing/run.js,112,bestPickReason,0.65,0.94,0.19,callee_2,callee
tests/cold-start-defects.test.mjs,177,setAttribute,0.79,0.94,0.28,caller_0,caller
tests/resilience-facet.test.mjs,259,patch,0.61,0.94,0.24000000000000002,callee_0,callee
assets/js/sizing/frontier-chart.js,640,renderFrontierTable,0.68,0.93,0.16,sib_613,sibling
assets/js/sizing/money.js,79,lifetimeCostUsd,0.64,0.93,0.18000000000000002,callee_1,callee
tests/cold-start-preflight.test.mjs,107,cookieRes,0.69,0.93,0.24,sib_111,sibling
assets/js/sizing/frontier-chart.js,24,chartBox,0.62,0.92,0.18000000000000002,caller_0,caller
assets/js/sizing/rescale.js,293,sameSiteOptions,0.73,0.92,0.2,sib_202,sibling
scripts/lib/gates.mjs,162,wrappedByLabel,0.68,0.92,0.19,none,none
scripts/lib/privacy-facet-line.mjs,30,composePrivacyFacetLine,0.7,0.92,0.16,caller_0,caller
tests/cities.test.mjs,474,createElement,0.76,0.91,0.23,caller_1,caller
assets/js/sizing/ui.js,1230,renderInfeasibleBanner,0.73,0.91,0.16,callee_3,callee
assets/js/sizing/ui.js,3510,renderPlayReadout,0.7,0.91,0.18000000000000002,caller_0,caller
tests/performance-playtest.test.mjs,261,patch,0.67,0.91,0.21000000000000002,callee_0,callee
scripts/check-a11y-matrix.mjs,204,auditCellInner,0.77,0.91,0.15000000000000002,caller_0,caller
scripts/smoke/advisor-fallbacks.mjs,102,makeDom,0.68,0.9,0.19,callee_2,callee
assets/js/shared/simple-view.js,13,push,0.68,0.9,0.21,sib_9,sibling
assets/js/sizing/ui.js,8047,fallbackCopy,0.77,0.9,0.16,caller_0,caller
tests/turnstile-client-lifecycle.test.mjs,126,fakeApi,0.76,0.9,0.22,caller_0,caller
assets/js/sizing/nasa.js,293,currentYearWindow,0.65,0.89,0.14,caller_0,caller
scripts/smoke/a11y.js,144,effectiveBg,0.63,0.89,0.17,caller_0,caller
tests/smoke-advisor.test.mjs,100,gateNames,0.69,0.89,0.17,sib_98,sibling
assets/js/sizing/usecases.js,404,outcomeFor,0.7,0.87,0.16,callee_2,callee
scripts/lib/gates.mjs,242,headersFor,0.73,0.87,0.16,callee_2,callee
assets/js/sizing/charts.js,81,drawSunStrip,0.7,0.86,0.15000000000000002,callee_0,callee
scripts/apply-branch-protection.mjs,28,gh,0.75,0.86,0.18,callee_0,callee
scripts/lib/jev-complete.mjs,403,validateCompletePack,0.71,0.86,0.17,caller_2,caller
assets/js/sizing/map-provider.js,208,cleanup,0.75,0.85,0.16,sib_147,sibling
assets/js/sizing/ui.js,1307,setLoadPanel,0.73,0.85,0.12,callee_1,callee
tests/consumer-usecases.test.mjs,96,describeInverter,0.6,0.85,0.22,none,none
tests/performance-playtest.test.mjs,256,patch,0.61,0.85,0.2,callee_0,callee
tests/resilience-facet.test.mjs,213,patch,0.57,0.85,0.2,callee_0,callee
assets/js/sizing/money.js,70,laborMidPerKwh,0.65,0.84,0.15000000000000002,caller_0,caller
assets/js/sizing/wizard.js,36,setValue,0.71,0.84,0.12,sib_22,sibling
assets/js/turnstile-client.js,254,"""expired-callback""",0.68,0.84,0.21000000000000002,callee_0,callee
scripts/lib/jev-live.mjs,29,fromFile,0.77,0.84,0.15000000000000002,caller_0,caller
tests/worker-upstream-failures.test.mjs,21,chatReq,0.73,0.84,0.19999999999999998,sib_114,sibling
assets/js/sizing/engine.js,184,flatProfile,0.66,0.83,0.15000000000000002,caller_1,caller
scripts/lib/quality-matrix.mjs,242,compareCells,0.73,0.83,0.12,sib_281,sibling
tests/performance-playtest.test.mjs,272,patch,0.63,0.83,0.2,callee_0,callee
tests/resilience-facet.test.mjs,239,patch,0.57,0.83,0.2,callee_0,callee
tests/worldwide.test.mjs,140,walk,0.74,0.82,0.15000000000000002,sib_138,sibling
scripts/lib/byte-budgets.mjs,137,resolveRelative,0.7,0.81,0.11,caller_3,caller
scripts/smoke/runtime.mjs,215,evaluate,0.78,0.81,0.15000000000000002,callee_1,callee
assets/js/sizing/money.js,116,swapSchedule,0.69,0.8,0.11,caller_0,caller
scripts/lib/jev-complete.mjs,900,mergeEvidence,0.68,0.8,0.11,sib_963,sibling
scripts/serve-static.mjs,192,cliArgs,0.8,0.8,0.1,sib_64,sibling
assets/js/sizing/run.js,207,autoNoteFor,0.7,0.79,0.16,caller_0,caller
assets/js/sizing/ui.js,6939,monthName,0.69,0.79,0.15000000000000002,caller_0,caller
tests/performance-playtest.test.mjs,267,patch,0.6,0.79,0.17,callee_0,callee
assets/js/sizing/bom.js,62,ceilTo,0.56,0.78,0.13,caller_0,caller
scripts/lib/jev-scope.mjs,12,normalisePlanItem,0.64,0.78,0.12,caller_0,caller
assets/js/sizing/engine.js,202,applianceProfile,0.67,0.77,0.14,sib_1499,sibling
tests/performance-playtest.test.mjs,245,patch,0.64,0.77,0.17,callee_0,callee
assets/js/sizing/frontier-chart.js,71,placeLabel,0.62,0.76,0.09,callee_2,callee
scripts/smoke/advisor-fallbacks.mjs,32,makeElement,0.74,0.75,0.09,caller_1,caller
scripts/lib/byte-budgets.mjs,241,sumOrNull,0.59,0.75,0.13,caller_0,caller
scripts/lib/quality-evidence.mjs,312,group,0.68,0.75,0.2,caller_0,caller
assets/js/chat.js,828,money,0.66,0.74,0.09,caller_0,caller
scripts/check-privacy-browser.mjs,46,ok,0.69,0.74,0.21000000000000002,caller_0,caller
assets/js/sizing/engine.js,470,downsampleEnvelope,0.64,0.72,0.1,none,none
scripts/build-offline-profiles.mjs,25,monthOfDay,0.66,0.72,0.16,none,none
assets/js/shared/interpolate.js,17,pickString,0.65,0.71,0.09,caller_0,caller
scripts/lib/quality-evidence.mjs,311,currencySentence,0.63,0.71,0.14,sib_469,sibling
assets/js/sizing/climate.js,42,thermalBatteryFactor,0.53,0.7,0.06,caller_0,caller
assets/js/sizing/tilt-harvest.js,24,declination,0.61,0.7,0.08,caller_0,caller
assets/js/turnstile-client.js,257,"""error-callback""",0.65,0.7,0.18,callee_0,callee
tests/cities.test.mjs,487,setAttribute,0.73,0.7,0.15,sib_474,sibling
assets/js/sizing/fuel-units.js,90,burnFigure,0.55,0.69,0.11,callee_2,callee
assets/js/sizing/wizard.js,58,clearError,0.59,0.68,0.08,sib_54,sibling
scripts/lib/performance-budgets.mjs,253,timing,0.56,0.68,0.11,caller_0,caller
scripts/smoke/advisor-fallbacks.mjs,59,appendChild,0.68,0.68,0.13,caller_0,caller
scripts/smoke/performance.mjs,313,median,0.61,0.67,0.13,caller_0,caller
assets/js/sizing/charts.js,855,swatch,0.73,0.66,0.09,caller_1,caller
scripts/lib/jev-report-print.mjs,67,line,0.57,0.66,0.11,caller_0,caller
assets/js/sizing/ui.js,1461,displayRate,0.49,0.62,0.09,callee_0,callee
scripts/smoke/privacy.mjs,93,urls,0.6,0.62,0.09999999999999999,sib_89,sibling
scripts/lib/experience-budgets.mjs,173,hole,0.61,0.61,0.15,caller_0,caller
assets/js/sizing/location-picker.js,25,el,0.7,0.6,0.05,caller_2,caller
assets/js/sizing/run.js,247,siteMemoKey,0.59,0.6,0.05,caller_0,caller
tests/worker-showcase.test.mjs,463,createElement,0.64,0.6,0.13,sib_457,sibling
assets/js/sizing/location-picker.js,98,cancelAutoResolve,0.66,0.59,0.07,caller_3,caller
assets/js/sizing/usecases.js,314,isUseCaseId,0.55,0.59,0.08,caller_1,caller
scripts/lib/performance-budgets.mjs,233,over,0.58,0.58,0.09999999999999999,sib_227,sibling
scripts/lib/gates.mjs,116,skipElement,0.58,0.57,0.06999999999999999,caller_0,caller
assets/js/sizing/ui.js,462,el,0.67,0.54,0.03,caller_2,caller
tests/smoke-advisor.test.mjs,45,console.log,0.66,0.54,0.15000000000000002,sib_35,sibling
scripts/lib/byte-budgets.mjs,131,formatReading,0.48,0.53,0.05,callee_1,callee
assets/js/sizing/charts.js,236,Y,0.53,0.52,0.11,caller_2,caller
scripts/check-usecases.mjs,42,ok,0.61,0.5,0.11,sib_43,sibling
scripts/smoke/a11y.js,134,relativeLuminance,0.61,0.49,0.05,caller_0,caller
assets/js/sizing/ui.js,3348,pick,0.53,0.46,0.09000000000000001,callee_0,callee
scripts/check-quality.mjs,60,ok,0.55,0.44,0.08,sib_56,sibling
scripts/check-visual.mjs,137,i.onerror,0.49,0.41,0.09,sib_133,sibling
assets/js/sizing/ui.js,458,$,0.52,0.29,0.03,callee_0,callee
assets/js/sizing/tilt-harvest.js,19,deg2rad,0.35,0.2,0.01,caller_0,caller
